Video position (%),Absolute audience retention (%),video_id,script_segment,timestamp,Compared to other videos (%)
0,103.63,B,"When Charles Darwin developed his Theory of Evolution he discovered animals bred selectively, so the strongest and fittest of the species were",0,37.93
1,87.91,B,more likely to mate and pass on their DNA. Darwin called this Natural Selection. But every day people do stuff so stupid,7.65,52.56
2,84.54,B,"they actually die, and so no longer have the ability to pass their DNA to future generations. Long after he died, the",15.3,59.29
3,81.15,B,Darwin Awards were created as a tongue in cheek way to remember those people who have removed themselves from humanity through their,22.95,59.15
4,81.26,B,"own stupidity. Coming up, are the top 20 dumbest of the dumb Darwin Award winners. 20. LIVEWIRE When inmate Michael Godwin had",30.6,59.1
5,80,B,"his death penalty commuted to a life sentence, he was grateful to be able to walk away from death row. But it",38.25,59.47
6,80.35,B,"seems that karma had other plans. One night in 1989, he discovered the television in his cell was broken and, deciding to",45.9,58.49
7,79.02,B,"fix it himself, embarked on a little DIY. Foolishly, he thought it would be a great idea to use his teeth instead",53.55,55.92
8,79.04,B,"of a wire cutter. Biting down on a live wire he electrocuted himself, not helped by the fact he was sitting on",61.2,52.77
9,78.65,B,"a metal toilet at the time. Godwin may have escaped the electric chair, but it seems destiny was intent on seeing him",68.85,49.78
10,78.15,B,"die by electrocution. 19. AIRLESS AIRHEAD When a Brazilian farmer discovered a bee hive on his property in 2002, he knew precisely",76.5,47.05
11,76.89,B,two things. Bees could sting and they needed to be removed with fire. No one knows why he decided that fire was,84.15,44.61
12,76.57,B,his best option. All we do know is that he fashioned a makeshift helmet from a plastic bag to save himself from,91.8,42.8
13,75.85,B,"both the smoke and the bee stings. But besides all his careful planning, he didn't bother to think that he might have",99.45,42.21
14,75.81,B,"to breathe, and failed to poke air holes into the plastic bag. When he didn't return home, his wife set out to",107.1,43.14
15,75.45,B,"find him and soon discovered him suffocated beneath the beehive. He was untouched by the bees, though. 18. CHIMNEY GRENADE One afternoon",114.75,45.18
16,75.31,B,"in 2005, Marko decided to clean the chimney in his workshop. But when he tried to use a simple broom, he realized",122.4,47.48
17,75.11,B,"it was too small for the job. Clearly, he had to improvise. He decided what he needed was a chain to pull",130.05,49.38
18,75.21,B,"the broom through the chimney and a heavy object to weigh it down. Looking in his workshop, he thought he’d found the",137.7,50.24
19,75.29,B,"perfect thing, a grenade. All he had to do now was weld it to the broom and chain. Except he failed to",145.35,49.68
20,74.1,B,"think about what could happen as he switched on his welding equipment. As soon as the flame met the grenade, it exploded",153,48.06
21,73.39,B,"- killing him instantly. The chimney, however, was left completely untouched by the blast. 17. BEHIND ENEMA LINES Texan shop owner Michael",160.65,45.99
22,72.38,B,"was an alcoholic, but not an ordinary one. Due to a painful throat condition, he couldn’t drink through his mouth. This meant",168.3,43.54
23,71.74,B,he had to find other ways to consume his liquor and his wife said he soon became addicted to enemas. This popular,175.95,40.14
24,70.74,B,"method is far more dangerous, as alcohol is absorbed directly through the capillaries in the rectum. So, one night he wanted to",183.6,35.38
25,70.2,B,get blind drunk and decided the only way to do it was to pour a hundred fluid ounces of sherry up his,191.25,29.55
26,69.29,B,"rear end. What he didn't know was that after he’d passed out, the alcohol kept absorbing and he was dead by the",198.9,23.61
27,68.12,B,morning. The toxicology report stated he had a blood alcohol level of 0.47% - meaning he'd pretty much embalmed himself. 16. PARKING,206.55,18.77
28,67.1,B,"BRAKE FAIL When we're constantly reminded to recycle, plastic bags can be a source of annoyance. So, when a 58-year old Australian",214.2,15.76
29,67.09,B,"woman was driving to the grocery store and thought she’d forgotten her plastic bags, she promptly stopped her car to check the",221.85,14.48
30,66.77,B,"trunk. If she was more worried about her parking than she was about grocery bags, she would have remembered to put the",229.5,14.13
31,65.99,B,"handbrake on. As she checked the trunk, the car began rolling backward, crushing her to death. Somehow, she managed to run herself",237.15,13.85
32,65.45,B,"over. 15. EAResponsible A Romanian man in 2002 decided he would skip checking the local train schedules and instead, deduce if the",244.8,13.11
33,65.27,B,"train was coming through the powers of his ears alone. Lying on the railway line, he pressed his ears to the tracks",252.45,11.94
34,64.44,B,"to hear if the train was approaching. Clearly, his hearing wasn't all he thought it was because he never heard it. He",260.1,10.88
35,64.15,B,was hit by an oncoming express train and died immediately. 14. Lava La Vida Loca Don't you just hate it when your,267.75,10.86
36,63.88,B,"lava lamp doesn't heat up quickly enough? Well, twenty-four year old Philip did. After plugging in his lava lamp and waiting a",275.4,12.61
37,64.15,B,"few minutes, he was disappointed to see that nothing was happening. Eager to get it working, he decided to speed up the",283.05,15.86
38,63.89,B,process by placing it on a hot stove. But with the contents of a lava lamp only being designed to withstand temperatures,290.7,19.39
39,63.18,B,"of up to 40 degrees, it quickly overheated and exploded. Poor Philip was killed when the glass from the lamp shattered and",298.35,21.79
40,62.83,B,penetrated his heart. Not so groovy. 13. UNDER PRESSURE Two bored comrades in a Romanian aluminium factory decided to have some fun,306,22.08
41,62.52,B,"with an air hose usually used for industrial machinery. When blowing dust off their clothes became boring, they cranked things up a",313.65,20.01
42,61.72,B,notch and decided to remove their clothes entirely. Things quickly moved below the belt when one of the guys decided he was,321.3,16.04
43,60.75,B,going to see what happened when he pumped six bars of atmospheric pressure into his anus. Not only did he break employment,328.95,11.35
44,60.22,B,"regulations, but he also broke right through his intestinal tract and he died within minutes from severe internal hemoerraghing. 12. DANGER ZONE",336.6,7.31
45,59.91,B,"In 2017 two United States Navy pilots got a little too carried away with Top Gun, when they decided to completely abandon",344.25,4.76
46,59.55,B,safety regulations to perform daredevil-ish stunts. Reaching astonishing speeds while flying as low as 210 feet – a good 300 feet below,351.9,3.85
47,59.4,B,their minimum permitted altitude - things were bound to take a downward turn as they swapped controls back and forth. Descending too,359.55,4.44
48,59.17,B,"low and slow, one of the pilots traded off controls to his co-pilot, but it was too late….The T-45C Goshawk crashed before",367.2,6.4
49,58.7,B,"they could safely eject themselves. Instructing pilot Lt Burch was fond of the phrase, “There are old pilots and there are bold",374.85,9.67
50,58.22,B,pilots.” He failed to mention there are also outrageously dumb ones. 11. CRUISE CONTROL The fastest human can run over 27 miles,382.5,13.87
51,58.61,B,"per hour, but that’s only after accelerating during a run-up. A Dutch teenager in 2004 thought he could do better than that",390.15,17.75
52,59.18,B,"and get close to that speed straight away. In a bid to impress his friends, he set his car to cruise control",397.8,19.49
53,57.87,B,at 20mph and told them he was going to jump out and run alongside the car before jumping back in and driving,405.45,18.25
54,57.26,B,away. But his shocked friends could only look on as he stepped out the moving car and immediately smashed his head on,413.1,15.08
55,56.69,B,"the tarmac. He died the following day. 10. TREASURE HUNT Described as the world's largest treasure hunt, the Geocashing app allows people",420.75,11.95
56,56.53,B,"follow online clues to find small treasure boxes, knows as geocaches, hidden in their area. Sounds like harmless fun until someone decides",428.4,10.19
57,56.18,B,"to head down a flooded waterway in search of trinkets. When meteorologists warned the Czech Republic of impending rainstorms, most people paid",436.05,9.83
58,56.19,B,attention. But not this group of Geocachers who thought it would be clever to climb into an underground waterworks tunnel. Although two,443.7,10.13
59,55.73,B,"members of the group survived, two others were swept away with one young man still reported missing. 9. DYING FOR A SMOKE",451.35,10.38
60,55.54,B,"Nobody likes long bus journeys. They're cramped and boring, not to mention you're basically sharing a tin can with dozens of strangers",459,10.34
61,55.35,B,and their farts. One Scottish woman especially hated the idea of spending twelve hours stuck on a coach from Glasgow to London,466.65,10.33
62,55.28,B,without a cigarette. Passengers reported that she grew increasingly agitated and watched in horror as she began throwing herself at the passenger,474.3,10.84
63,54.84,B,door. The bus was traveling at 60mph when she tumbled out into the road before falling under the wheels of the bus.,481.95,11.82
64,55,B,"Smoking really does kill. 8. FOOTREST Most people go to the movies to see the drama unfold on the screen, not beside",489.6,12.51
65,54.86,B,"them. When a local man booked tickets in the VIP area of the cinema complex, he was hoping for a good time.",497.25,12.24
66,54.27,B,"What he got instead was a ticket to the Darwin Awards. After dropping his phone beneath his seat, he tried to retrieve",504.9,11.46
67,53.94,B,"it - only to get his head wedged inside the footrest. If this wasn't bad enough, he then suffered a cardiac arrest",512.55,11.54
68,53.91,B,"and died in hospital. 7. VICTORIA FALLS 50 year old Michael was a clever man. Not only was he a college headmaster,",520.2,13.24
69,54,B,"he was also a respected geography lecturer on the conferences circuit. While on a trip to the Victoria Falls bridge, he was",527.85,15.96
70,53.97,B,happily taking photos of his girlfriend when he dropped his glasses over the edge. Thinking he wouldn't be able to enjoy the,535.5,18.26
71,53.75,B,"view of the glorious Victoria Falls without them, he tried to retrieve them - only to fall 40 ft to his death.",543.15,18.95
72,53.33,B,"6. KILLER WHALE BONE This historic entry into the Darwin Awards sees another clever man, Founding Father of the USA, Gouverneur Morris",550.8,17.73
73,52.69,B,"come to an untimely end through an eye-watering DIY medical procedure. When Morris began suffering from a blockage in his urethra, he",558.45,15.23
74,51.98,B,"took matters into his own hands. Inserting a whalebone into his urethra, all he managed to do was give himself a deadly",566.1,12.64
75,51.77,B,"infection. He died November 6, 1816 – probably feeling silly. 5. DISTRACTED DRIVER 58-year old Clifford Jones was driving without a seatbelt.",573.75,10.76
76,51.8,B,"He was also driving without pants. When a regular drive just wasn't interesting enough, he decided to watch a bit of... adult",581.4,9.35
77,51.33,B,content on his phone and have some fun. If only he’d kept his hands on the wheel. With the blood rushing away,589.05,7.89
78,51.02,B,"from his head, he grew increasingly distracted and lost control of his car. As it crashed, he hurtled through the sunroof and",596.7,6.37
79,50.86,B,"died on impact. 4. Posing With A Grenade Faking a smile, posing with angry animals, posing with a primed grenade… all things",604.35,5.33
80,50.89,B,"people will do for attention online… Yes, you heard me right. In 2017, Alexander 'Sasha' Chechik from Russia pulled the pin out",612,5.18
81,50.79,B,of a hand grenade whilst in his car and posted photographs of himself holding it to his girlfriend; probably as a way,619.65,5.64
82,50.85,B,to show of his balls of brainless steel. A source who spoke to the Russian news service reporting the incident said: ‘’the,627.3,5.55
83,51.22,B,guy didn’t manage to insert the hand grenade pin back in.’’ The pin is the safety mechanism. Its the lever on the,634.95,3.49
84,49.73,B,"side is the firing mechanism that activates the grenade when released. However, its still not worth risking it by removing the pin.",642.6,-0.89
85,49.25,B,"Police categorised his death as an accident, not suicide, as they believed he thought it wouldn’t explode as long as he didn’t",650.25,-6.35
86,49.04,B,throw it. 3. Bear Selfie Prabhu Bhatara from India was on his way home from a wedding when he spotted a black,657.9,-11.31
87,48.67,B,"bear. Seeing this as a great photo opportunity, he got close to the bear, and attempted to take a selfie with it.",665.55,-15.03
88,48.24,B,"As he did, the bear mauled him. He died shortly after due to his injuries. My advice: stay far away from bears.",673.2,-17.61
89,48.14,B,"They may be cute, but if you photograph them at an angle that makes them look fat, its game over. 2. SAWING",680.85,-19.42
90,47.9,B,INTO A GRENADE Two pathologists at a German symposium dinner told the tale of a man who stumbled across a World War,688.5,-20.77
91,47.51,B,"2 grenade. Instead of staying well clear, he wanted to open it up to see how it worked. Back home, he placed",696.15,-21.94
92,47.49,B,it inside a vice and tried to saw it perfectly in half. The saw detonated the grenade and the man died from,703.8,-23.21
93,47.37,B,"a fatal head injury. Upon post-mortem, it was discovered there was very little brain matter left inside his skull. Although the two",711.45,-24.75
94,47.03,B,"pathologists joked that there couldn't have been much to start with. Before we get to our number 1 dumbest Darwin Award, here",719.1,-26.32
95,46.74,B,are a few Honourable Mentions. There’s this man who planked on a Tiger – there’s no way he walked away from that,726.75,-27.49
96,46.44,B,"one. Then there’s this guy who bit a tiger’s tail – wait is that the same guy? Poor tiger! Oh, and this",734.4,-27.76
97,46.28,B,"woman who got something stuck in her handgun. Nice. Ok, so back to the final award in our countdown! 1. Smokin' Hot!",742.05,-26.57
98,32.85,B,Gary Banning from North Carolina was at his friend's house when he spotted a mysterious jar of tasty looking liquid. Assuming it,749.7,-24
99,20.07,B,"was hot sauce, and without bothering to check, he flipped off the lid and started to drink it. But he soon discovered it wasn't hot sauce at all - but a jar of gasoline. The shock of chugging gasoline was too much for Gary so he spat it out, then tried to calm down with a cigarette. As soon as he lit it, he caught fire and died the next day from his injuries. So which of these Darwin Award Winners do you think is the dumbest? Let me know in the comments!",757.35,-21.45
0,103.97,C,Embarrassingly Dumb Ways People Died - Darwin Awards Winners Part 2 Natural selection is mother nature’s way of making sure people get smarter,0,41.23
1,89.17,C,"- but even after 200,000 years of human evolution, some of us are still making really terrible choices. Let’s take a look at",8.33,57.33
2,85.68,C,some of the most foolish examples now. 20. Way Too Hot Spring Have you ever fancied a dip in a hot spring? I,16.66,65.99
3,84.62,C,know I have – especially when clothing is optional. Maybe this was what Colin Scott was thinking when he strayed off the trail,24.99,66.96
4,83.14,C,"at Yellowstone in 2016 to go swimming in one of its famous hot springs. This activity is forbidden by park rules, but Colin",33.32,66.5
5,81.98,C,#NAME?,41.65,65.69
6,82.26,C,"bath of boiling acidic water with below-surface temperatures of up to 459 degrees. I’ve heard that some like it hot, but that’s just",49.98,63.72
7,80.54,C,"ridiculous. Sadly for Colin, the only remains found were his wallet and flip flops. https://www.nytimes.com/2016/06/09/us/man-falls-into-hot-spring-yellowstone.html 19. Safe-ty First If there’s one thing I",58.31,60.38
8,79.88,C,"know about safes, it’s that they’re heavy. I guess someone should have told this hapless burglar from Indiana, who broke into a man’s",66.64,56.56
9,78.99,C,"garage and tried to lift an antique, 900 pound safe suspended on a floor jack. When the homeowner returned to check his garage,",74.97,53.67
10,78.72,C,"he found the unlucky thief crushed to death. The owner of the safe said that stealing the safe would have been pointless, because",83.3,52.45
11,78.32,C,"it was completely empty. Crushed to death by an empty safe? I’m sure there’s a lesson here somewhere, and I think it’s safe",91.63,52.66
12,77.54,C,to say this burglar learned it. https://www.foxnews.com/us/florida-man-dies-after-trying-to-remove-pet-pigeon-from-power-line-with-20-foot-aluminum-pole 18. Don’t Forget Your Pin There are few things more satisfying than when bullies get what,99.96,53.57
13,77.18,C,they deserve. Especially big ones. Cambodian military policeman Khim Sakhorn – nicknamed “Big Giant” – got exactly that when he tried to extort,108.29,54.42
14,76.8,C,"money and crystal meth from a local dealer. To scare the dealer, Khim pulled the pin from a grenade. Unsurprisingly, this tactic worked,",116.62,54.59
15,76.3,C,and the dealer handed over the goods. Kim then put the live grenade back in his pocket. Did it ever cross Khim’s mind,124.95,53.95
16,75.95,C,"how dumb this was? By the time this massive mobster reached his motorcycle, the grenade exploded, blasting the “Big Giant” into “Tiny Little”",133.28,53.03
17,75.67,C,"pieces. https://darwinawards.com/darwin/darwin2003-17.html 17. Runway Cyclist Unless you’ve got E.T. in your basket, you probably shouldn’t be cycling on an airport runway. This advice",141.61,52.76
18,74.64,C,"never reached Brazilian cyclist Marcelo, who was crossing an airfield near Sao Paulo while listening to his Walkman. Yes, it was 1997, but",149.94,53.23
19,76.24,C,"that’s no excuse. The 25-year-old was totally clueless as he collided with the propeller of a landing plane, mangling the blades and damaging",158.27,53.29
20,73.57,C,"the wing in the process. I’d usually say ‘wear a helmet, folks’, but in this case… I’m not sure that would have helped.",166.6,52.24
21,73.49,C,"https://darwinawards.com/darwin/darwin1997-13.html 16. Fast Food Fatality In an attempt to rip off their workplace, two managers at Burger King cooked up a whopper of",174.93,50.87
22,73.23,C,"a plan. Staging a fake robbery and arson in order to steal over $4000 dollars from the restaurant, 22 year-old night manager Lisa",183.26,50.09
23,72.89,C,"was bound with duct tape and shut into the walk-in cooler by her accomplice. Unluckily for Lisa, the fire department didn’t show up",191.59,49.84
24,72.42,C,"until the morning, when she was found freezing and semi-conscious. She later died in hospital from hypothermia. According to investigators, Lisa could have",199.92,49.61
25,72.3,C,"easily freed herself from her bindings and escaped the unlocked refrigerator, which is exactly why she makes the list. https://darwinawards.com/darwin/darwin2000-54.html 15. Tiger Toy",208.25,48.78
26,72.96,C,"Playing with your food is an unattractive habit, but some creatures just can’t help it. A mugger in South Africa found this out",216.58,46.64
27,70.42,C,the hard way after robbing a couple at knifepoint. The mugger fled the scene and clambered over a nearby fence. What he’d forgotten,224.91,43.04
28,69.99,C,"was that he was at Bloemfontein Zoo, and the fences were there for a reason. Suddenly, an ambush of bored Bengal tigers was",233.24,38.99
29,69.54,C,"upon him, and he quickly became their new plaything. After the body was found, a zoo spokesperson said the tigers had been fed",241.57,36.29
30,69.49,C,the previous afternoon – otherwise there would have been nothing left. https://darwinawards.com/darwin/darwin2005-17.html 14. A Head for Chemistry In the age of pipe blockages,249.9,35.93
31,69.19,C,"and fatbergs, we should know by now not to mess with the sewers. In 2008, a biology teacher from Sofia, Bulgaria, was driving",258.23,37.38
32,69.08,C,"home with two friends. Bystanders saw her car come to a sudden stop, and all three passengers got out and started pouring leftover",266.56,39.21
33,69.11,C,"jars of chemicals down a manhole. These noxious chemicals included diethyl ether and methanol, both highly flammable liquids. The cocktail of chemicals in",274.89,40.06
34,68.89,C,"the enclosed space of the sewers caused an explosion so powerful that the manhole cover was launched into the air, instantly decapitating the",283.22,39.02
35,68.55,C,"polluting teacher. The moral of the story? Don’t mess with chemicals, or you could lose your head. https://darwinawards.com/darwin/darwin2008-06.html 13. Flaming Rodeo If this",291.55,35.88
36,67.34,C,"isn’t an example of ‘you should have known better’, I don’t know what is. In Washington in 2010, during the American Sprint Car",299.88,31.39
37,66.55,C,"Series, two crew members dreamed up an insane thrill ride. They poured 4 gallons of methanol into a 55 gallon barrel, sat on",308.21,27.17
38,65.97,C,"the barrel, then lit the bunghole. These two bright sparks thought the barrel would shoot across the parking lot like a rocket, in",316.54,24.58
39,66,C,"some kind of fiery rodeo. What they’d actually created was a makeshift bomb, which quickly blew them sky high. Both men ended up",324.87,23.74
40,65.96,C,"in hospital, and one of them died. Not sure I want to think about the aftermath between their legs. https://darwinawards.com/darwin/darwin2010-07.html 12. Suddenly Sluggish",333.2,23.84
41,65.59,C,Most people wouldn’t have the guts to eat a slug – turns out this guy didn’t either. A young rugby player called Sam,341.53,24.15
42,65.04,C,"from Sydney, Australia was at a party in 2010 when the slug sped across the table. His friends dared him to eat it,",349.86,24.4
43,64.86,C,"and he did. Not long afterwards, Sam contracted a rat lungworm – a parasitic worm spread by rodents. The parasite infested Sam’s brain,",358.19,24.38
44,64.53,C,"putting him in a coma and leaving him paralyzed. Several years later, he died as a result of this prank gone wrong. I’m",366.52,23.76
45,64.28,C,"not sure I even have to tell you this, folks – but seriously: don’t eat slugs. https://www.washingtonpost.com/sports/2018/11/05/young-rugby-player-ate-slug-mates-dare-now-hes-dead/?utm_term=.fb1c5ebff2cf 11. Headless Chickens In 1997, a",374.85,22.62
46,63.83,C,"group of co-workers in Holland were on a tour bus, and some of the bolder employees stuck their heads out of the windows",383.18,21.84
47,63.35,C,"to enjoy the air. You think you’d notice a tunnel approaching down the road, but two men kept their heads out as the",391.51,22.59
48,63.47,C,"bus entered a viaduct, and by this point it was too late. The two men were not decapitated, but suffered severe head trauma",399.84,24.98
49,63.51,C,"and snapped necks, killing them both instantly. Way to ruin the field trip, guys. https://darwinawards.com/darwin/darwin1997-14.html 10. Fatal Footsie We’ve all heard stories of",408.17,27.56
50,64.55,C,"idiots playing Russian Roulette, but this one tops them all. In 1999, Cambodia was littered with all kinds of discarded weaponry after decades",416.5,28.49
51,62.33,C,"of armed conflict. In a place called Svay Rieng, three friends had spent the evening drinking. After hours of arguing, one of the",424.83,27.1
52,61.92,C,"men pulled out a 25-year-old unexploded anti-tank mine he’d found in his backyard. The man then tossed it under the table, and the",433.16,24.47
53,61.84,C,"three men began taking turns to first drink, then stamp on the mine. Other villagers fled in terror, and minutes later, an enormous",441.49,22.23
54,61.64,C,"explosion occurred, killing all three men. Personally, I think the gene pool might have benefitted from this one, don’t you? https://darwinawards.com/darwin/darwin1999-07.html 9. Domestic",449.82,21.16
55,61.67,C,"Disturbance Arguing with your partner can be an emotional rollercoaster, but this man’s reaction was shocking. In Buenos Aires, Argentina, in 1998, a",458.15,20.99
56,61.18,C,man decided that the best way to win an argument with his wife was to pick her up and throw her off the,466.48,21.22
57,60.96,C,"balcony. They were eight floors up, but bizarrely the woman became entangled in the power lines below. In what may have been an",474.81,21.49
58,60.88,C,"effort to save her - or finish her off - the man leapt from the balcony, aiming for the wires. The airborne abuser",483.14,21.43
59,60.66,C,"missed the wires completely, plunging to his death. Somehow, his wife managed to swing to a nearby balcony, and was subsequently rescued. I’m",491.47,20.77
60,60.57,C,"no buddhist, but that’s karma. https://darwinawards.com/darwin/darwin1998-01.html 8. Gaso-Clean Keeping boxfresh trainers clean is a must, but this method might be going too far.",499.8,19.54
61,60.4,C,"In 1998, 67-year-old Texan Reiva Nix was washing her tennis shoes – wait for it – with gasoline, when the shoes – which",508.13,17.85
62,59.94,C,"she was still wearing – were ignited by a nearby candle. Reiva had to run with flaming feet to her neighbour’s house, who",516.46,15.89
63,59.7,C,"quickly doused her feet with a hose. It was too late, however, and Reiva later died from her burns. The local sheriff warned",524.79,14.2
64,59.47,C,"others against using gasoline in this way, since it was apparently common practice. Well, that’s Texas for ya. https://darwinawards.com/darwin/darwin1998-05.html 7. Considerate Car Thief",533.12,13.53
65,59.34,C,"Some people have pretty twisted moral codes, but this car thief from Pittsburgh had a bit of logic to his larceny. Randy Nestor",541.45,14.25
66,59.21,C,"stole plenty of cars, and whenever a stolen vehicle became “hot”, he’d torch it, reasoning that the fire damage would help the owners",549.78,15.82
67,59.15,C,"collect on the insurance. Pretty thoughtful, right? It turns out Randy was the victim of his own virtue when he set fire to",558.11,16.87
68,58.46,C,"a van that he was still inside. On trying to escape, Randy found that the driver’s side handle was broken, and the door",566.44,16.27
69,58.11,C,locked. Randy burned up inside the van and was pretty much killed by his own kindness (and stupidity). https://darwinawards.com/darwin/darwin1998-03.html 6. Floridian Pigeon It,574.77,14.11
70,57.86,C,"seems that idiots are drawn to powerlines like moths to a flame. Here, the infamous “Florida Man” returns with a tale that would",583.1,11.41
71,57.34,C,"have Thomas Edison facepalming in his grave. When Elian Garcia-Rivera’s pet pigeon decided to perch on a powerline, he thought the best way",591.43,9.33
72,56.99,C,to dislodge his feathered friend would be to retrieve a 20-foot-long aluminium pool pole and jab it into the high-voltage wires. This Floridian,599.76,8.73
73,56.67,C,only succeeded in turning himself into a human superconductor and was killed instantly. If only this Florida man had listened a little more,608.09,10.03
74,56.62,C,"in science class. https://www.foxnews.com/us/florida-man-dies-after-trying-to-remove-pet-pigeon-from-power-line-with-20-foot-aluminum-pole 5. Time Zone Terrorists Daylight savings time causes a lot of confusion – but in this instance, it proved",616.42,12.79
75,56.92,C,"fatal. In 1999, Israel turned the clocks back a day early, but Palestinians refused to accept this “Zionist Time” – except for four",624.75,15.65
76,56.23,C,"terrorists who’d planned a bombing that day. Their bombs were set to go off at 6.30pm, but poor communication meant the would-be bombers",633.08,17.41
77,55.53,C,"were an hour behind schedule. The explosives detonated while the terrorists were en route, preventing any further bloodshed. I think we can say",641.41,18.09
78,55.33,C,these dummies got what they deserved – a one-way ticket to the afterlife. https://darwinawards.com/darwin/darwin1999-38.html 4. Faithful Flotation I’ll admit: I’ve tried to walk,649.74,18.25
79,55.75,C,"on water. Anyone who says they haven’t taken a run at a pool with hopes of making it across is probably lying. So,",658.07,17.72
80,55.18,C,"when in 2016 a Zimbabwean pastor promised he would walk out into a river and rise above the water, his congregation were intrigued.",666.4,15.74
81,54.59,C,"After fasting for a week, the pastor waded 30 metres into a river known as “Crocodile River”. You think the name might have",674.73,12.39
82,54.26,C,"put him off, but no. Pastor Jonathan was devoured by three hungry crocodiles before he even had the chance to perform his miracle.",683.06,8.95
83,54.16,C,So much for divine intervention. https://www.express.co.uk/news/world/804685/crocodile-attack-zimbabwe-pastor-walk-on-water-Jonathan-Mthethwa 3. Peeping Tom People love to catch a glimpse of something they’re not supposed to see –,691.39,6.67
84,54.11,C,"like this Calgary man who died in a shopping mall last year. Though his motives were unknown, I think it’s pretty obvious what",699.72,5.4
85,54.08,C,this guy was up to when he climbed through a vent in order to access the area behind a wall in the women’s,708.05,3.85
86,53.88,C,"bathrooms. The man became trapped there and was found dead three days later. Police have not revealed the cause of death, but it’s",716.38,0.73
87,53.8,C,safe to say this Peeping Tom got a little more excitement than he bargained for. https://www.theguardian.com/world/2018/may/02/calgary-canada-body-behind-toilet-accidental-death 2. Just Buy a Ticket There are,724.71,-4.19
88,53.37,C,"smart ways to save money, and there are dumb ways to save money. And then there’s this guy. Mr Zhang was visiting Ningbo",733.04,-9.89
89,52.99,C,Younger Zoo in China with his family when he realised he couldn’t afford the $20 to buy a ticket for himself. So he,741.37,-14.89
90,52.81,C,"doubled back and decided to scaled the fence in order to access the zoo. After a successful climb, Mr Zhang landed in the",749.7,-18.14
91,52.94,C,"tiger enclosure, and was set up by a trio of tigers, who quickly ripped him to pieces. I guess he paid the price",758.03,-19.89
92,52.87,C,"after all. https://www.mirror.co.uk/news/world-news/tourist-mauled-death-tigers-front-9720631 1. Stings in the Tail The Asian giant hornet is the world’s biggest hornet, and it’s the stuff of nightmares.",766.36,-21.01
93,52.36,C,"Large, aggressive, and venomous, a swarm of these insects can kill a human – and they do: around 40 people are killed in",774.69,-21.92
94,52.21,C,"Japan each year by hornet stings. So the last thing you should do is bug them. In this hilarious-yet-shocking video, a Chinese man",783.02,-22.25
95,52.08,C,is shown dancing with a hornet’s nest and throwing it about after removing it. If you want to elicit stings from dangerous flying,791.35,-21.06
96,51.9,C,"creatures, tearing their house down and juggling with it is a sure way to do it. Even with his protective suit, the man",799.68,-17.14
97,51.53,C,"suffers multiple stings, and is later show being carried off on a stretcher, his body stiff and full of venom. I think he",808.01,-9.96
98,44.35,C,"needed a better suit. https://ru.sputnik.kg/world/20181018/1041592281/muzhchina-shershni-video-smert.html So, which Darwin award winner would you give the number 1 trophy to? Let me know your thoughts",816.34,-1.73
99,29.98,C,"in the comments section down below, and remember – if you’re going to do something life threatening … make sure you get someone to record it so you can get a posthumous Darwin award! Thanks for watching.",824.67,3.91
0,107.83,D,Embarrassingly Dumb Ways People Died - Darwin Awards Winners [Part 4] The advancement of civilisation has given a fighting chance to those,0,49.11
1,87.97,D,"whose lack of awareness might’ve got them killed in the past. But there are some people that make such terrible decisions, even",8.22,63.47
2,84.34,D,"the achievements of the modern world can’t keep them alive. Let’s dive into some unbelievably dumb ways people died, earning themselves a",16.44,69.12
3,83.31,D,Darwin award for natural selection. “Garbage Day!” No one likes having to take out the trash for collection… [run clip] …but we,24.66,66.91
4,82.03,D,"don’t usually expect to find ourselves carried off alongside our garbage. But for Diego Mata, a combination of heavy drinking and dumpster",32.88,64.28
5,81.06,D,"diving lead to exactly that, one fateful evening in March 2019. CCTV footage taken on the night in Rosemont, Illinois’ entertainment district,",41.1,62.56
6,80.19,D,"captured the 31-year-old drunkenly climbing into a dumpster around 4am. An hour later, the garbage truck arrived, tipping the contents of the",49.32,60.86
7,79.54,D,"dumpster – including Mata – into its powerful mechanical jaws. Mata’s body was later recovered from a sanitation facility, where he was",57.54,58.55
8,79.32,D,found to have been crushed to death. What a rubbish way to go. Water Hazard It seems like common sense that –,65.76,55.38
9,72.39,D,"if you don’t know how to swim – you should probably learn before doing ocean water-sports. Unfortunately, this didn’t occur to Jerry",73.98,51.81
10,59.5,D,"Device in July 2019, when he took to the sea in the jet ski he’d purchased mere hours earlier. Despite his desire",82.2,49.49
11,57.3,D,"to have a wild time in the water, Device never learned to swim, so when he lost control and flipped his new",90.42,50.71
12,55.88,D,"toy, he was thrown into serious peril. Within moments, the sea had overwhelmed him, and he drowned. When you’re in Poseidon’s house,",98.64,56.56
13,56.77,D,it pays to be respectful. Because he can be one remorseless son of a titan. Deadly Hydration Tina Christopherson was an extremely,106.86,65.38
14,60.47,D,"intelligent woman, with a reported IQ of 189. Unfortunately, irrational fear affects even the smartest minds, and a specific fear of stomach",115.08,73.5
15,71.65,D,"cancer was responsible for Tina’s demise. She’d seen her mother suffer an agonising death from the disease, which drove her to obsess",123.3,78.05
16,72.1,D,"over avoiding that fate for herself. She became convinced that she could avoid stomach cancer by intermittently fasting for extended periods, in",131.52,78.38
17,72.33,D,"which she would only consume water. During these fasts, she would drink as much as four gallons of water a day. The",139.74,75.27
18,71.94,D,"extended strain of this practice pushed her kidneys into failure, causing water to migrate to her lungs. Despite being on solid ground,",147.96,70.04
19,71.43,D,"the water in Tina’s lungs caused her to drown. In the end, her neurotic desperation to avoid death had, in fact, killed",156.18,64.18
20,70.97,D,"her. So, remember kids, stay hydrated – but not too hydrated, okay? Black Death Dining Luckily, most of us will never have",164.4,58.9
21,70.62,D,"to suffer the disease that wiped out around half the European population in the 14th century. I’m talking, of course, about the",172.62,55.07
22,70.17,D,"Black Death, or bubonic plague, which is caused by a bacterium called Yersinia pestis. The disease is spread by fleas carried by",180.84,52.94
23,70.17,D,"rodents, and while we can treat it with antibiotics now, its symptoms spread fast and are extremely painful, deadly and highly infectious.",189.06,52.15
24,70.03,D,"Over the years, we’ve figured out that – among other methods – to avoid ending up covered in oozing buboes and gangrene,",197.28,52.2
25,69.79,D,"it helps to avoid touching wild rodents. But not only did a Mongolian couple miss the memo in May 2019, they took",205.5,52.86
26,69.2,D,"their ignorance to the next level, by consuming the raw kidney of a rodent known as a marmot. Believing the meat to",213.72,53.6
27,70.09,D,"be good for their health, consuming it actually gave both of them bubonic plague. Not only did they both die, they caused",221.94,53.5
28,67.57,D,"a 6-day quarantine of locals and tourists who had come into contact with the couple. Clearly, there are worse ways to make",230.16,52.07
29,67.98,D,people suffer from your eating habits than microwaving stanky fish in the office break room! I’d take stinky seafood or pungent cheese,238.38,49.57
30,66.92,D,"over deadly, bacterial rodent disease. Pain in the Neck On a cold night in September 1927, famous French-American dancer Isadora Duncan was",246.6,46.46
31,66.79,D,"preparing for an evening out in a friend’s sports car. On their parting, another friend implored Isadora to put a warm cape",254.82,42.9
32,66.31,D,"over her shoulders, as the open-top car would run a substantial breeze during the drive. Isadora decided that some stylish neckwear would",263.04,38.88
33,65.6,D,"be sufficient, so she wrapped a long, flowing silk scarf around her neck, and was ready to go. The driver began to",271.26,34.76
34,65.06,D,"drive off, while Isadora said – what would indeed be – her final goodbyes. But, to the horror of her onlooking friends,",279.48,31.13
35,64.76,D,"the scarf was whipped up in the wind, and drifted over the edge of the car. It had soon wrapped itself around",287.7,28.35
36,64.02,D,"the open spokes of the vehicle’s wheels, and was rapidly pulling Isadora onto a shorter and shorter leash. She was yanked out",295.92,26.46
37,63.27,D,"of the vehicle, into the road, and under the car. The wheel ran over her neck, breaking it instantly, and she was",304.14,25.58
38,62.79,D,"left wedged in between the wheel and mudguard. A gruesome end, and a timeless example of the dangers of putting fashion first.",312.36,25.96
39,62.94,D,The Bad Boy’s Burning Bed Charles the Bad certainly lived up to his name during his reign as King of Navarre between,320.58,27.56
40,63.17,D,"1349 and 1387. He was a big fan of cruelty, deception and murder, either carried out by his own hands, or those",328.8,29.72
41,63.15,D,"of assassins… [roll clip] But his life of narcissism, backstabbing, violence and hatred took its toll, and by the time he was",337.02,31.5
42,63.04,D,"54, his health had deteriorated to a point where he could barely move his limbs. With death looming closer by the day,",345.24,32.39
43,62.35,D,"his doting physicians – armed with the highest calibre of medical knowledge at the time, which basically amounted to nothing at all",353.46,32.25
44,61.89,D,"– tried one final, experimental method to restore his health. Like some sickly, royal Christmas pudding, they wrapped him up tightly in",361.68,30.82
45,61.25,D,"linen cloth that had been soaked in brandy, hoping the strong alcohol would restore some vigour. Unfortunately, the servant tasked with stitching",369.9,27.74
46,60.11,D,"the linen together found she’d used off more thread than needed for the process, but instead of cutting and knotting the extra",378.12,23.39
47,59.52,D,"at the end, she decided to burn it with a candle. The alcohol caught alight, and the king went up in flames,",386.34,19.23
48,59.42,D,"burning to death shortly after. Whether the servant was a bumbling idiot, or trained assassin, Charles made a fatal mistake in going",394.56,16.74
49,59.28,D,along with such unusual and hazardous practices… practices that would leave him more than a little hot under the collar. The Dangers,402.78,16.2
50,59.48,D,"of Fast Food Everybody knows too much fast food is bad for us. But in his last moments on Earth, Charles Wood",411,16.65
51,59.36,D,"Jr. of Velda City, Missouri, learnt the real dangers of the drive-thru experience. Wood placed his order at a local Jack in",419.22,16.81
52,59.34,D,"the Box and pulled up to the collection window. Reaching out of his car window, he realised he was too far away",427.44,16.06
53,58.42,D,"to take his food from the restaurant worker, and opened his car door, stretching out to grab his meal. Unfortunately, in doing",435.66,15.15
54,58.08,D,"so, he rested his foot on the accelerator of his car. The car was in reverse, and was sent barrelling backwards into",443.88,15.79
55,57.97,D,"a tree. Wood was sandwiched between the two objects, and later succumbed to his injuries. The lesson here? Never order fast food,",452.1,18.7
56,57.98,D,"especially if you’re the type to use the accelerator as a footrest. Dog’s Dinner You’d think that an esteemed, respected philosopher, who",460.32,22.25
57,60.1,D,"made great progress in our understanding of what it means to exist, would be met with an esteemed, respectful end. But for",468.54,23.86
58,56.68,D,"Ancient Greek philosopher Heraclitus, this was far from the case. Though he had spent his whole life thinking and reflecting, he really",476.76,22.57
59,56.11,D,should’ve thought harder about his self-prescribed cure when he developed dropsy. Dropsy involves the accumulation of fluid under the skin and inside,484.98,19.82
60,55.77,D,"the cavities of the body, and is often a symptom of serious lung, heart or liver diseases. According to sources from the",493.2,17.74
61,55.49,D,"time, Heraclitus came to the conclusion that burying himself in a shed full of cow manure would help draw out some of",501.42,17.08
62,55.16,D,"the fluid by warmth. Unfortunately, Heraclitus was unable to get himself free after hours spent in the dung heap, and in his",509.64,17.26
63,54.83,D,"trapped state was unable to defend himself when a pack of dogs came sniffing around. They devoured him alive, despite the notably",517.86,17.8
64,54.76,D,pungent aftertaste. [roll clip] Pillow Armor We’ve all made up some pretty ridiculous excuses to get out of things. But one Turkish,526.08,18.71
65,54.8,D,"man in July 2019 went way beyond the regular “sorry, boss, I’m sick – totally not hungover or anything”. After being sentenced",534.3,20.16
66,54.25,D,"to community service for wounding someone in a fight, Zafer Kuzu decided that he just didn’t feel like doing it. So, he",542.52,22.35
67,54.39,D,"and his friends hatched a, uh, brilliant plan. By strapping two pillows to his back for protection and getting his friend to",550.74,25.17
68,54.54,D,"shoot him with a shotgun, Zafer hoped he’d be just injured enough to get out of community service. It worked; he certainly",558.96,27.74
69,55.15,D,"never had to do community service. Because he died almost instantly. On top of that, his friend was injured from the blast",567.18,28.65
70,54.49,D,"too, and was also charged with his friend’s murder. Yep, humans really can be that dumb. Holding It In When you gotta",575.4,27.01
71,54.02,D,"go, you gotta go. It’s the opening line of every religious text ever written. Take my word for it. But in 1601,",583.62,23.09
72,52.96,D,a Danish astronomer and alchemist called Tycho Brahe chose to disobey this great nugget of wisdom. He’s mostly remembered for his comprehensive,591.84,18.3
73,52.66,D,"collection of empirical observations about the stars and space, but perhaps the most astronomical thing he ever encountered was the size of",600.06,14.36
74,52.34,D,"his bladder following his final meal. You see, Tycho was a stickler for the rules of being a nobleman, to the extreme.",608.28,12.19
75,52.05,D,"While enjoying a feast, the astronomer found himself needing to use the little boys’ room – which was, at the time, little",616.5,11.63
76,51.96,D,"more than a hole in the floor. However, through Tycho’s interpretation of nobleman etiquette, he convinced himself it would be incredibly rude",624.72,11.98
77,51.98,D,"to leave the feast for such a vulgar act of urination. So, he remained in place for several hours, only able to",632.94,12.54
78,51.96,D,"relieve himself on his return home. But he found that he was only able to pee in very short, agonising spurts. Within",641.16,12.77
79,51.87,D,"a few days, he was dead. Holding it in too long had led Tycho’s bladder to burst, resulting in a very painful",649.38,12.5
80,51.56,D,"death. Rather than worrying about both his P’s and Q’s, perhaps he should’ve just stuck to the P’s. Kill It With Fire!",657.6,11.87
81,51.15,D,"In May 2019, A 63-year-old man discovered that his basement was infested with bugs. Fancying himself a bit of a DIY exterminator,",665.82,10.77
82,51.54,D,"he located the source of the infestation, and entered the crawlspace with a propane torch in hand. Shooting flames willy-nilly like a",674.04,8.7
83,50.43,D,"dragon with allergies, he soon found that more than the bugs were catching alight. As the flammable materials lining the crawlspace caught",682.26,5.66
84,50.4,D,"alight, he found himself unable to stop drop and roll – as the space was far too tight for such gymnastics –",690.48,2.91
85,50.25,D,"and he was burnt to a crisp. In the process, he also caused $60,000 of damage to his house. But hey, at",698.7,1.77
86,50.06,D,"least the bugs are gone, right? Smack-talking The Gators While it’s true that some people can’t help being stupid, other people are",706.92,1.88
87,50.7,D,"willingly stupid, with an infuriating dash of arrogance thrown in. After a 10-ft alligator had been spotted in a Texas marina, staff",715.14,1.31
88,50.78,D,"put up a warning sign. This was not enough to scare off one local man on a night in July 2015, and",723.36,-1.74
89,50.17,D,neither were the repeated verbal warnings issued by a marina employee. The employee looked on in horror as the man responded with,731.58,-7.94
90,49.57,D,"‘[censor bleep] the alligators’ and jumped straight into the marina. Almost immediately, he screamed out for help, but it was too late.",739.8,-16.48
91,48.61,D,"Within minutes, the man was floating, motionless, face-down on the surface, dead. Clearly, alligators take profanity very seriously… [roll clip] How To",748.02,-25.13
92,48.29,D,"Hypnotise An Elephant If you’re an animal hypnotist in training - test your skills on your cat, or a neighbour’s dog, or",756.24,-31.06
93,48,D,"even a zoo animal safely behind protective glass. Don’t try to hypnotise a wild elephant. It seems unbelievable, but in January 2019,",764.46,-32.33
94,48.1,D,a Sri Lankan man did exactly that. The man was travelling with his family when he spotted the huge animal grazing in,772.68,-28.99
95,47.96,D,"a field. He approached the animal, getting its attention, and got closer and closer until the elephant charged. Hoping to hypnotise the",780.9,-22.96
96,48.25,D,"elephant back into placidity, the man performed a sudden hand gesture and stood his ground. Unfortunately, this worked about as much as",789.12,-16.67
97,46.43,D,"you’d expect. [roll clip] The elephant trampled the man to death, while his family looked on in horror. The mistake was clear;",797.34,-11.47
98,27.29,D,he forgot his hypnotist pendant. I’m sure he would’ve been just fine if he’d started swinging one of those. It’s not like,805.56,-7.59
99,21.54,D,"giant, wild, tusked beasts are dangerous, after all… Were you as blown away as I was by the unbelievable stupidity that led to some of these people’s untimely demise? Have you heard of any other Darwin Award-worthy cases? Let me know in the comments section below. Thanks for watching!",813.78,-5.16
0,103.73,E,"Embarrassingly Dumb Ways People Died - Darwin Awards Winners [Part 5] Sometimes, it really does seem like the world",0,40.55
1,88.7,E,"is getting dumber. That may be partly due to the fact that our incredible social systems of medicine, community",6.54,55.07
2,84.93,E,"and welfare have effectively wiped out natural selection for us humans. But every once in a while, someone worthy",13.08,61.61
3,82.6,E,of a Darwin Award removes themselves from the gene pool like a deer with a penchant for highway jogging.,19.62,61.03
4,81.12,E,"Join me now, as I take a look at some of the most mind-bogglingly dumb ways people have died.",26.16,60.31
5,81.2,E,Leap of Faith In May of 2019 a car chase left a criminal in a tough spot. The Brooklyn,32.7,60.56
6,80.44,E,"man was wanted for a carjacking when he made his first dumb move: crashing into a police car, triggering",39.24,61.21
7,79.35,E,"a high-speed chase. His second – and most lasting – mistake came later, after the pursuit left him trapped",45.78,62.32
8,79.35,E,"between multiple pursuing police cars on the Brooklyn Bridge. Rather than hand himself over, he went with the Grand",52.32,64.04
9,79.31,E,"Theft Auto method. He assumed that jumping over the railing, down to the ground below would allow him to",58.86,66.01
10,79.95,E,escape with little more than a scratch or two. So over he went. And while he did indeed get,65.4,67.48
11,79,E,"away, he did so in a body bag. Remember Your Roots There are many embarrassing ways to die, but",71.94,67.95
12,78.23,E,falling victim to the wrath of a root vegetable has to be near the top. When out on a,78.48,67.19
13,78.13,E,"hunting trip in 1881, British politician Sir William Payne-Gallwey entered the annals of ridiculous history, when he slipped and",85.02,65.05
14,77.36,E,"fell onto a turnip. The turnip, renowned by his fellow turnips as a violent brute, caused severe internal injuries",91.56,61.35
15,75.76,E,"to the politician, and he died that day, aged 74. Turns out vegetables aren’t so good for you, after",98.1,56.33
16,74.54,E,all! World’s Longest Breath Holder I could think of better ways to spend a Saturday night than a breath-holding,104.64,51.22
17,74.11,E,"contest, but apparently boredom was at an all-time high for a New Jersey man in August 2018. Rather than",111.18,47.63
18,73.62,E,"holding the competition between friends on the safety of dry land, the man decided to hold his breath underwater",117.72,46.08
19,73.65,E,"on Lake Sinclair in Georgia. 7 minutes passed before anyone noticed anything was wrong. In this time, the undisputed",124.26,45.81
20,73.03,E,"winner of the contest had fallen unconscious and drowned, proving that real winners never give up. Cigarette Burns Hospitals",130.8,45.8
21,72.76,E,"are usually safe places for treatment and recovery, but a questionable decision made by an elderly lady in Haltern-Am-See,",137.34,45.2
22,72.15,E,"Germany, brought a quick end to her own treatment plan in 2018. The lady, who was wheelchair-bound from sickness,",143.88,43.64
23,71.87,E,"wheeled herself outside for a nice relaxing smoke. She seemed to forget that she was wearing an oxygen ventilator,",150.42,41.44
24,71.26,E,"which ignited when she lit her cigarette, setting fire to the plastic upholstery of her wheelchair. She was engulfed",156.96,39.43
25,70.97,E,"in deadly flames and scorching plastic and died soon after. Everyone knows smoking’s bad for your health. But usually,",163.5,38.46
26,69.88,E,its effects aren’t so… explosive. Not the Bees! Picture this relaxing scene: you’re lying down on a comfy massage,170.04,38.99
27,69.67,E,"table, enjoying some nice therapeutic music… when someone forcibly stings you with multiple bees. Surprisingly, this is something people",176.58,40.87
28,69.63,E,willingly go through on a regular basis – supposedly to relieve stress and muscle tension – and is a,183.12,43.31
29,70.21,E,"form of alternative medicine known as ‘live bee acupuncture’. All the bees that are used die in the process,",189.66,45.27
30,69.29,E,"but in 2018, they finally got their own back. You see, every time a person is stung by a",196.2,45.84
31,69.32,E,"bee, their chances of suffering an allergic reaction increase. But for one woman who was unaware of this fact,",202.74,44.84
32,68.73,E,"her reaction came as a total surprise, after having the treatment so many times. The woman immediately lost consciousness",209.28,42.74
33,68.24,E,"following one of the stings, and soon died of a severe allergic reaction. Don’t mess with bees. Nick Cage",215.82,40.4
34,67.79,E,"knows this, and so should you. [roll clip] Escalator To Heaven You’ve heard of the stairway to heaven, but",222.36,38.61
35,67.58,E,"what about the fast-track version? The only catch is, you never actually get to the top. This is the",228.9,37.58
36,67.33,E,fate that met the guitar player from a heavy metal band whose name is so obscene YouTube would implode,235.44,36.85
37,67.41,E,if I were to say it. A musical career dedicated to causing as much controversy as possible culminated in,241.98,35.64
38,67.2,E,"a rather unclimactic end, when he attempted to ride his way along the rail of an escalator. He lost",248.52,33.41
39,66.29,E,"his balance, plummeted over the edge, and died on impact. His head struck a food court table, presumably turning",255.06,30.25
40,65.82,E,some unfortunate kid’s happy meal into a horror meal. Taking Selfies To New Heights Some people go to great,261.6,26.88
41,65.55,E,"lengths for that perfect selfie. But apparently, these great lengths should never exceed 99ft. The world learned this fact",268.14,24.21
42,65.14,E,"in 2018, when a British woman and her Australian boyfriend were found dead on a beach in Portugal. Piecing",274.68,22.53
43,65.25,E,"the evidence together, police concluded that the couple had been sat atop a 100ft wall overlooking the beach, when",281.22,21.39
44,65.12,E,"they dropped the phone they’d been snapping vacation pics on. They both reached to grab the phone, which had",287.76,20.12
45,64.77,E,"landed on a ledge just below them. Unfortunately, they both lost their balance, and plunged the full distance to",294.3,18.39
46,63.92,E,"the ground below. As if to symbolise technology’s inevitable take over of the human race, the phone the couple",300.84,16.56
47,63.84,E,"gave their lives trying to save remained on the wall, unscathed. Trouble In The Tub We’re taught from a",307.38,15.15
48,63.51,E,"young age that water and electricity don’t mix, but for some people, this never quite sinks in. For some,",313.92,14.32
49,63.36,E,"the comfort of having an electronic device on hand at all times overrides the need to, you know, remain",320.46,13.92
50,63.48,E,"alive. A Londoner learnt the error of this mindset in 2017, when he tried charging his phone while in",327,13.68
51,63.26,E,"the bath. As he relaxed in the tub, he balanced an extension cord on his chest, keeping it out",333.54,13.57
52,62.24,E,"of the water. What happened next is unclear, but the situation isn’t too hard to fathom. Whether he slipped,",340.08,14.08
53,61.94,E,"or whether he absent-mindedly dunked his phone in the water, he was killed by the ensuing shock. Fussy Eater",346.62,16.05
54,61.75,E,"Everybody loves the hearty goodness of a home-cooked meal, assuming at least one person in the house can cook.",353.16,19.49
55,61.49,E,But renowned mathematician Kurt Gödel took his love of his wife’s home cooking to ridiculous levels. Despite – or,359.7,22.9
56,63.43,E,"perhaps because of – his brilliance as a mathematician, Gödel was an extremely paranoid man. His paranoia grew to",366.24,24.12
57,60.61,E,"the point where, in his later years, he refused to eat anything that hadn’t first been tasted or prepared",372.78,22.3
58,60.11,E,"by his wife. Believing himself to be at the centre of a poisoning plot, when his wife was hospitalised",379.32,18.71
59,59.97,E,"for six weeks in 1977 and hence was unable to cook for her husband, Gödel stopped eating. By the",385.86,15.27
60,59.39,E,"end of January 1978, he had died of malnutrition - weighing only 65 pounds when he died. In the",392.4,12.79
61,58.78,E,"end, through his desperation to avoid being murdered, he was the one responsible for his own death. It really",398.94,11.03
62,58.35,E,"goes to show: if you want something doing right, do it yourself. Hungry For More? While some dumb deaths",405.48,9.71
63,58.21,E,"are caused by no eating at all, occasionally someone will kick the bucket because of the total opposite. In",412.02,8.68
64,57.81,E,"this case, the bucket was filled to the brim with sticky, delicious sweet rolls. Adolf Frederick, King of Sweden",418.56,7.93
65,57.44,E,"from 1751 to 1771, wasn’t a particularly good king. He was regarded as lacking the aptitude, fortitude and integrity",425.1,7.6
66,57.32,E,"necessary to successful kingship. But what he lacked as a king, he made up for in appetite. He was",431.64,7.87
67,57.31,E,"a lover of food, with a sweet tooth, and it could never be said that his eyes were bigger",438.18,8.69
68,57.16,E,than his belly. But while the amount of food he consumed on his last meal in February 1771 did,444.72,9.8
69,56.96,E,"exceed the limitations of his large belly, he finished it nonetheless. After a heaping feast of seafood, sauerkraut and",451.26,10.98
70,56.92,E,"champagne, he moved on to dessert. This consisted of no less than 14 Swedish sweet rolls, all dipped in",457.8,12.1
71,56.41,E,"hot milk flavoured with cinnamon and raisins. While he was reportedly stockpiling for the Christian tradition of Lent, he",464.34,12.97
72,56.09,E,"clearly overshot his mark, as his digestive system completely shut down and he died. It just goes to show:",470.88,13.39
73,55.97,E,death by cake isn’t as sweet as it sounds. A Cut Above The Vest Nobody wants to be conned,477.42,13.17
74,55.64,E,"when making a purchase. Indeed, being sold a stab-proof vest that offers the protection of a wet noodle is",483.96,12.16
75,55.41,E,hardly an ideal scenario. But it should go without saying that testing the stab-ability of such a vest should,490.5,10.5
76,55.13,E,"be done with at least one qualifying factor: taking the vest off first. Unfortunately, that first rule of stab",497.04,8.71
77,54.48,E,"club whistled in one ear, through the empty skull cavity, and out the other ear of one Englishman in",503.58,7.72
78,54.16,E,"2018. Mistakenly believing his jacket was stab-proof, the man took a knife and plunged it into his jacket while",510.12,8.07
79,54.14,E,"at the kitchen table. It turned out, the jacket wasn’t stab-proof, and funnily enough, neither was he. Before I",516.66,9.22
80,53.91,E,"get to the dumbest death magnets of the bunch, let’s take a look at some contenders who somehow managed",523.2,9.65
81,54.04,E,"to avoid qualifying for a Darwin award by surviving their stupidity. This electrician clearly trained with the best, because",529.74,7.95
82,53.04,E,"after all, there’s no better insulator than a nice cool puddle of muddy water. Another top-of-the-class graduate of the",536.28,3.81
83,52.67,E,"Elite Electricians Academy is this fellow, who’s also in on the secret that water and electricity are actually a",542.82,-1.83
84,52.25,E,great mix – but the rubber industry doesn’t want you to know that! For any Darwin Award nominees watching,549.36,-7.62
85,52.19,E,"– that was a joke. Anyway, this next close contender seems to be pulling a prank with a fuel-depleted",555.9,-12.87
86,51.87,E,chainsaw held alarmingly close to his nether region. But the risk-to-reward ratio of this particular prank earns this guy,562.44,-17.7
87,51.63,E,"a firm position in the at-risk Darwin award survivors club. That’s just no place for a chainsaw, joke or",568.98,-22.45
88,51.18,E,not. The final at-risk survivor is this fellow who let rage overcome any shred of rational thought. While his,575.52,-27.22
89,50.68,E,"friend drives, he takes the noble position of car-puncher; hanging out of the car window and attacking the hard",582.06,-31.74
90,50.36,E,"walls of another vehicle with his bare hands, like the genius he so clearly is. As his car swerves,",588.6,-35.47
91,50.31,E,"he accidentally opens his door, and tumbles gracefully onto the highway. Hey, at least he stuck the landing! Though,",595.14,-38.17
92,50.23,E,"if this is his reaction to a bit of road rage, I feel like his Darwin award isn’t too",601.68,-40.12
93,50.08,E,"far away over the horizon. A Bridge Too Far Videogames, movies and TV shows have led us all to",608.22,-41.79
94,49.91,E,believe that clearing a rising drawbridge in a car is a viable feat. It isn’t. But that realisation never,614.76,-43.51
95,49.54,E,occurred to a couple of wannabe Texan stuntmen who put their inflated senses of their own abilities to the,621.3,-45.45
96,49.17,E,test in May 2019. Witnesses reported seeing a car’s passenger lift the barrier of the Black Bayou drawbridge in,627.84,-47.68
97,48.17,E,"Louisiana, before the car sped off up the rising ramp. Now, admittedly, some people do occasionally survive these jumps,",634.38,-49.86
98,27.69,E,like this distracted driver who didn’t even realise the bridge had begun to rise before cruising over the top,640.92,-51.23
99,18.16,E,"to the other side. But these people are the minority and shouldn’t be taken as representative of the majority. Because the majority, like our Texan friends, follow a learning curve that’s steeper than the downward path of their car. However, any learning was short-lived in this case, as the Texan pair were trapped in their car after it failed to make the jump to the other side. They sank and soon drowned. Put simply, they were neither fast, nor furious enough. Which Darwin award winner do you think was the stupidest? Do you know of any more ridiculously dumb ways people died? Let me know in the comments section below. Thanks for watching!",647.46,-51.59
0,102.97,F,"Embarrassingly Dumb Ways People Died - Darwin Awards Winners [Part 6] For most of us, the natural instinct to survive is",0,39.48
1,88.64,F,"pretty effective at keeping us from serious harm. But for some people, the impulse to carry out acts of sheer, unbelievable",7.13,54.19
2,84.62,F,"stupidity somehow overwhelms the rational mind’s urge to survive. Without further ado, get ready to be baffled by these people who",14.26,61.14
3,81.96,F,"became real-life examples of natural selection in action. Quick Eggs-It As far as humanity’s greatest intellectuals are concerned, it’s fair to",21.39,60.97
4,81.47,F,"assume none of them have been regular participants in eating contests. But while the whole concept is pretty dumb, one Indian",28.52,60.29
5,79.84,F,man learned in 2019 that it can also be fatal. After a disagreement took place between the man and his friend,35.65,59.99
6,78.94,F,"in a marketplace in India’s Jaunpur district, they decided there was only one way to settle it. An egg-eating contest. With",42.78,59.38
7,78.18,F,"a $30 bet on the table for whoever could eat 50 the fastest, the men began scoffing hard-boiled eggs. But while",49.91,58.35
8,77.57,F,"devouring his 42nd egg, one of the eaters collapsed and fell unconscious, and died soon afterwards in hospital. His body couldn’t",57.04,57.04
9,77.11,F,"deal with the dense load of 42 eggs, which could’ve weighed as much as 6lbs. So remember: if you want a",64.17,55.58
10,76.43,F,"really filling breakfast that won’t kill you, don’t exceed 41 eggs. Bird-Brained Idea Another case of eggs-gone-wrong occurred back in 2006,",71.3,54.13
11,76.04,F,"in Doncaster, England. A man, who had a string of convictions for stealing rare, protected bird eggs, was on the hunt",78.43,52.87
12,74.9,F,"for illicit eggs in a local forest. Spotting what he presumed to be a sparrow hawk’s nest, the 62-year-old began climbing",85.56,52.03
13,74.43,F,"the branches of a tree in hope of something valuable. As he approached the top, however, an avoidable disaster struck. You",92.69,51.74
14,74.21,F,"see, this bird-egg bandit had long-standing issues with high blood pressure, which often led to dizzy spells and fainting. Why he’d",99.82,51.81
15,73.77,F,"choose a career that involved climbing up precarious tree branches, while battling a tendency to randomly pass out, is anyone’s guess.",106.95,51.89
16,73.19,F,"But it doesn’t take too much guessing to figure out what happened. At the top of the tree, he passed out,",114.08,51.72
17,73.01,F,"plummeting to the ground, breaking his ribs and having his heart punctured by branches on the way down. Karma was clearly",121.21,50.87
18,72.22,F,"on the birds’ side, because the egg thief died soon afterwards. Connection Issues The reason grappling down the sides of buildings",128.34,49.1
19,70.9,F,"is possible in movies is that the characters typically use state-of-the-art equipment that they know they can rely on. Sadly, a",135.47,46.87
20,70.53,F,"47-year-old man from Northern France seemed to miss this important qualifying factor in 2017, when he attempted his own Mission Impossible-style",142.6,45.16
21,70.22,F,"escape. The man had been locked up in his room by his mother to try to control his hard-drinking lifestyle, so",149.73,44.67
22,69.87,F,he hatched an escape plan. The grounded 47-year-old decided that rappelling down from the 9th-story apartment window would be the best,156.86,45.14
23,70.65,F,"way out. Unfortunately, he didn’t have any heavy-duty steel wire available, and opted to use a simple ethernet cable instead. It’s",163.99,45.5
24,69.43,F,"unclear what he tried to attach it to, but the makeshift abseiling equipment snapped almost instantly, and he plummeted to the",171.12,44.63
25,69.33,F,"pavement below. His mother’s plan worked: he never drank again. Heat Treatment In 2019, in Bengaluru, India, an act of lethal",178.25,42.23
26,68.08,F,stupidity brought one man’s life to a rather heated end. While cleaning out a chimney at his home using petrol-fuelled cleaning,185.38,39.08
27,67.68,F,"equipment, the irresistible call of nicotine came a-knockin’. Disregarding the common-sense warnings against using naked flames near petrol-fuelled machines, he pulled",192.51,36.47
28,67.19,F,"out his lighter to spark up a cigarette. Unfortunately, in the process of loading up the cleaning equipment, he’d accidentally doused",199.64,35.47
29,67.31,F,"himself in a considerable amount of petrol. The moment he lit his cigarette, his clothes went up in flames, and within",206.77,36.09
30,67.31,F,"minutes, he’d burnt to death. Not only did he die a totally avoidable, agonizing death; the smoke he released probably undid",213.9,37.32
31,66.94,F,"a fair chunk of his cleaning work too! Blocked Up The obesity epidemic is a very modern problem, arising from our",221.03,38.05
32,66.21,F,species’ transition into the double-edged sword of having a constant abundance of food. But while heart disease and diabetes are typical,228.16,37.96
33,65.95,F,"thoroughfare for the obese, one woman’s excessive weight presented an additional fatal issue: one of logistics. When the 30-stone woman, from",235.29,37.21
34,65.55,F,"Dorset, England, went into cardiac arrest in January 2016, the medics who arrived were presented with a unique predicament. Because of",242.42,35.96
35,65.21,F,"her weight, it was almost impossible to lug her outside to the emergency vehicles. A long series of proposed solutions ensued,",249.55,34.35
36,64.63,F,"including a suggestion that firefighters remove a window to hoist her down, but before something could be decided, it was too",256.68,32.84
37,64.65,F,"late. Thanks to the unexpected obstacles and delays her obesity caused, the woman died an otherwise-preventable death before she could reach",263.81,32.07
38,64.54,F,"a hospital. Unhappy Accidents We’ve all claimed to be ‘dying from embarrassment’ at some point, after a particularly humiliating event in",270.94,32.34
39,63.94,F,"the public eye. But tripping in the school corridor, or accidentally farting on a first date, usually doesn’t prove fatal in",278.07,33.32
40,64.19,F,"a literal sense. For one 69-year-old Florida man, though, a supremely embarrassing episode in 2016 spelled his end. After doing his",285.2,34.16
41,63.99,F,"business in a Walgreens restroom, staff were appalled to find the stall looking like an explosion at the chocolate factory. Staff",292.33,33.94
42,63.6,F,called him back to the scene of the crime and demanded – very publicly – that he clean up his awful,299.46,32.44
43,63.43,F,"mess. He eventually obliged, but the sheer embarrassment took its toll. According to his widow, the emotional distress of the incident",306.59,30.23
44,62.99,F,"was responsible for the man’s death soon afterwards and she filed a lawsuit against Walgreens on this basis. Indeed, distress can",313.72,28.45
45,62.54,F,"cause cardiac arrest in extreme cases, and if there was ever a legit reason to die of embarrassment, it’d be this",320.85,28.04
46,62.77,F,"guy’s bathroom misadventure. It goes to show, if you must leave a mess in a public restroom, have a rapid escape",327.98,28.7
47,62.95,F,"plan prepared. Alternative Medicine Of all the things to be sceptical of, the meticulously-tested, highly-regulated treatments of modern medicine are a",335.11,29.17
48,60.72,F,"very poor choice. While mistrust of certain scientific methods of treatment is often a problem of ignorance and misinformation, it can",342.24,28.64
49,60.31,F,prove a fatal error of judgement when the only alternative is death. Case in point: after being diagnosed with breast cancer,349.37,27.33
50,59.73,F,"in 2016, a British mother decided against conventional treatments like chemotherapy and surgery. She decided that natural remedies, like raw turmeric,",356.5,25.87
51,59.54,F,"iodine-rich brown seaweed and a vegan diet would be a much better treatment plan. Unsurprisingly, she died in 2019 after the",363.63,24.48
52,58.95,F,cancer spread throughout her body. It was a heart-breaking story of wilful ignorance that left a child motherless. There’s nothing funny,370.76,23.04
53,58.28,F,"about this one, folks; it’s simply a reminder that science exists for very good reasons, which become clear when people choose",377.89,21.37
54,57.91,F,"to ignore it. Just Plane Stupid I’m no aviation expert, but I’d say if you’re up in the air and fuel",385.02,19.31
55,57.26,F,"begins to slosh around your feet in the cockpit, you probably have a problem. Unfortunately, one pilot refused to take that",392.15,16.73
56,56.67,F,"specific problem seriously, despite the insistence of airport mechanics after he touched down to refuel on a one-man cross-country flight in",399.28,13.88
57,56.14,F,"2015. Before the appalled mechanics at Missoula International Airport had a chance to intervene, the Bucker Jungmeister aircraft was back on",406.41,11.6
58,55.89,F,the runway. The pilot insisted that he was in too much of a hurry to carry out repairs and headed straight,413.54,10.54
59,55.79,F,onto the next leg of his journey. But the plane would reach its final destination even sooner than expected. 10 seconds,420.67,10.63
60,55.63,F,"after take-off, the plane came crashing back down and exploded in a ball of flames. It only takes a glance at",427.8,11.3
61,55.36,F,the wreckage to be able to guess whether or not the hasty pilot survived. Spoiler: he didn’t. One In The Chamber,434.93,12.14
62,54.91,F,"When it comes to irresponsible behaviour, anything relating to guns lands at the top of the idiot list. But the level",442.06,13.1
63,54.6,F,"of stupidity in this story will blow your mind. While enjoying a few beers in Brevard County, Florida, a man and",449.19,14.27
64,54.46,F,"his friend began playing around with a handgun. After removing the magazine from the gun, the owner wanted to be extra",456.32,15.47
65,54.55,F,"safe and make sure there wasn’t still a bullet in the chamber. After all, you never can be too careful. To",463.45,16.19
66,54.4,F,"test this, he jokingly held the gun up to his temple, presumably certain he’d already unloaded it. In light-hearted jest he",470.58,15.98
67,54.06,F,"pulled the trigger. With a bang, the party was over. The bright spark was dead by the time police arrived on-scene.",477.71,15.07
68,53.52,F,"If there was ever a poster child for gun safety, it’d be this guy. Off-Roading In 2018, a Florida woman learned",484.84,14.38
69,53.42,F,"the hard way that trains don’t play fair in a race. While the guard rails were down at a newly-built crossing,",491.97,14.94
70,53.45,F,"the lady made a serious error of judgement, deciding she could cross the tracks before the train reached her. But, as",499.1,17.21
71,53.39,F,"you probably guessed, guard rails are there for a reason; that reason being, if you cross while they’re down, you’re probably",506.23,20.75
72,53.03,F,"going to die. And that’s exactly what happened. The woman and her bike met their end with the train, right on",513.36,24.07
73,54.31,F,"schedule. A Royal Romance Young love is a powerful thing, and if the case of King Louis III of France is",520.49,25.31
74,52.15,F,"anything to go by, even royals aren’t safe from its dangerous snares. In 882C.E., at the lustful age of 18, Louis",527.62,23.83
75,52.17,F,"fell for a girl in Saint-Denis on the outskirts of Paris. One day, he spotted her making her way through town,",534.75,20.8
76,52.16,F,"and mounted his horse to pursue her. But, with his attention totally fixed upon his love interest, he failed to spot",541.88,17.95
77,51.87,F,"the low-hanging lintel of a doorway ahead of him. Moving at speed, he crashed head-first into the frame and fell, fatally",549.01,16
78,51.55,F,"fracturing his skull. He died soon afterwards, proving once and for all that love… hurts. Unforgettable Entrance After kicking her boyfriend",556.14,14.68
79,51.35,F,"out of her house in November 2007, a Florida woman hadn’t hoped to see him on the premises again for a",563.27,13.67
80,51.36,F,"while. But after leaving the house for a few hours and returning, the woman was shocked to see her boyfriend again",570.4,12.7
81,51.32,F,"so soon. Only, he wasn’t pleading with her to let him back in; it seemed he’d made the decision to enter",577.53,11.27
82,51.31,F,"the house by any means necessary… and failed. You see, he’d tried to enter through the cat flap, presumably hoping to",584.66,8.92
83,50.73,F,"unlock the door. He’d delved in, got one arm through followed by his head, and gotten stuck. In this embarrassing position,",591.79,5.51
84,50.42,F,"he’d died, presumably from asphyxiation, although stupidity hasn’t been ruled out as the main cause of death. One Last Trick It’s",598.92,1.24
85,50.19,F,"pretty obvious that, without the right amount of practice and preparation, attempting death-defying stunts can be incredibly stupid and dangerous. For",606.05,-3.54
86,49.84,F,"an Indian escape artist by the name of Chanchal Lahiri, an attempt to emulate the great masters like Harry Houdini ended",613.18,-8.44
87,49.66,F,"in disaster in 2019. Lahiri was lowered into the strong currents of the Hooghly River near Howrah, India, with his hand",620.31,-12.83
88,49.51,F,"and feet tied. He was expected to escape and resurface soon after, but onlookers grew concerned after 15 minutes with no",627.44,-16.07
89,49.46,F,"sign of the illusionist. He wouldn’t resurface until much later, when police pulled his lifeless body from the river. Officials stated",634.57,-17.93
90,49.4,F,"that Lahiri’s cumbersome outfit, combined with the strong currents of the river, made an escape nearly impossible. Without the necessary preparations,",641.7,-18.87
91,49.09,F,"Lahiri seemed to have grossly underestimated the difficulty of the stunt and fell victim to his own ego. Really, though, if",648.83,-19.67
92,48.82,F,"being tied up and thrown into a river seems like anything other than a bad idea, then... [roll clip] Cut Of",655.96,-20.89
93,48.58,F,"The Cash Hurting yourself as an insurance scam is never clever, but an Italian man achieved maximum stupidity in 2001 with",663.09,-22.73
94,48.38,F,"what may be the dumbest money-making scheme of all time. After taking out several policies with different insurance companies, the man",670.22,-25.31
95,48.05,F,had asked his cousin to cut his leg off with a chainsaw. He’d hoped to cash in for over half a,677.35,-28.72
96,47.64,F,"million dollars on the injury with claims of being permanently disabled by the so-called ‘accident’. But, while the DIY amputation was",684.48,-32.87
97,47.31,F,"being performed, extreme blood loss set in, and the would-be fraudster died from his gruesome injuries. His cousin, fittingly, was arrested",691.61,-37.05
98,32.5,F,"for the psychotically-stupid act, and he didn’t even manage to saw all the way through! If you want something doing, do",698.74,-40.16
99,19.86,F,"it yourself, I guess? Do you have any bizarre local tales of lethal stupidity? Let me know in the comments section below. Thanks for watching!",705.87,-41.66
